﻿序號,營業主體,站名,行政區,站址,電話號碼,經度Lng,緯度Lat,資料序號Seq
1,二苓加油站有限公司,二苓加油站,小港區,高雄市小港區大業北路218號,07-8013195,120.349240207,22.562211313,1
2,台灣中油股份有限公司,三六號碼頭加油站,前鎮區,高雄市前鎮區大華六街1號,07-8216398,120.291256,22.6059849978,2
3,台灣中油股份有限公司,建國二路加油站,三民區,高雄市三民區建國二路66號,07-2383484,120.310715297,22.6377927443,3
4,台灣中油股份有限公司,中正四路加油站,前金區,高雄市前金區中正四路251號,07-2212453,120.291423814,22.6275770135,4
5,台灣中油股份有限公司,運河南路加油站,前金區,高雄市前金區河南二路87號,07-2850458,120.295340272,22.6350449661,5
6,台灣中油股份有限公司,後勁加油站,楠梓區,高雄市楠梓區後昌路200號,07-3613018,120.3097525,22.7165200987,6
7,台灣中油股份有限公司,左營加油站,左營區,高雄市左營區中華一路2之11號,07-5825621,120.286332716,22.6711377838,7
8,台灣中油股份有限公司,楠梓加油站,楠梓區,高雄市楠梓區高楠公路1376號,07-3511761,120.325461853,22.7194396408,8
9,台灣中油股份有限公司,中正二路加油站,新興區,高雄市新興區中正二路166號,07-2241235,120.317089856,22.6307047058,9
10,台灣中油股份有限公司,鼓山三路加油站,鼓山區,高雄市鼓山區鼓山三路5之1號,07-5612463,120.276858472,22.6479463955,10
11,台灣中油股份有限公司,三多三路加油站,苓雅區,高雄市苓雅區三多三路264號,07-3335774,120.305375132,22.6144349038,11
12,台灣中油股份有限公司,中華三路加油站,前金區,高雄市前金區中華三路136號,07-2851354,120.295654645,22.630500805,12
13,台灣中油股份有限公司,建工路加油站,三民區,高雄市三民區建工路566 號,07-3832928,120.32467718,22.6503068447,13
14,台灣中油股份有限公司,山東街加油站,三民區,高雄市三民區山東街70號,07-3118164,120.3115472,22.6425570953,14
15,台灣中油股份有限公司,臨海工業區加油站,小港區,高雄市小港區沿海二路2號,07-8010873,120.370838085,22.5431692257,15
16,台灣中油股份有限公司,前鎮加油站,前鎮區,高雄市前鎮區擴建路1之1號,07-8213719,120.306042212,22.5913555584,16
17,台灣中油股份有限公司,成功一路加油站,前金區,高雄市前金區成功一路384號,07-2218734,120.294234589,22.6235205799,17
18,台灣中油股份有限公司,高雄加工區加油站,前鎮區,高雄市前鎮區加工區中四路3號,07-8218011,120.304664206,22.5948069575,18
19,台灣中油股份有限公司,林森二路加油站,新興區,高雄市新興區新田路82號,07-2819638,120.305754951,22.6230882003,19
20,台灣中油股份有限公司,瑞豐加油站,前鎮區,高雄市前鎮區瑞福路2號,07-7610629,120.336649448,22.604759322,20
21,台灣中油股份有限公司,旗津加油站,旗津區,高雄市旗津區中洲二路259號,07-5717391,120.285023941,22.5911903469,21
22,台灣中油股份有限公司,四維三路加油站,苓雅區,高雄市苓雅區永定街93號,07-3330396,120.311332589,22.6192920981,22
23,台灣中油股份有限公司,民權路加油站,前鎮區,高雄市前鎮區一心一路291號,07-3316290,120.313716395,22.6096446131,23
24,台灣中油股份有限公司,高鳳加油站,苓雅區,高雄市苓雅區建國一路3號,07-7491901,120.342505873,22.6282007617,24
25,台灣中油股份有限公司,中正三路加油站,新興區,高雄市新興區中正三路9號,07-2261045,120.310531767,22.6304780192,25
26,台灣中油股份有限公司,三多二路加油站,苓雅區,高雄市苓雅區三多二路80號,07-7618709,120.326896554,22.6214983701,26
27,台灣中油股份有限公司,中山二路加油站,前金區,高雄市前金區中山二路569號,07-2317441,120.301080097,22.6218268336,27
28,台灣中油股份有限公司,大義街加油站,鹽埕區,高雄市鹽埕區大義街56之1號,07-5518163,120.285995989,22.620677927,28
29,台灣中油股份有限公司,漁港路加油站,前鎮區,高雄市前鎮區漁港路2號,07-8216516,120.316217423,22.5773730446,29
30,台灣中油股份有限公司,覺民路加油站,三民區,高雄市三民區覺民路362號,07-3869992,120.33433205,22.6408064894,30
31,台灣中油股份有限公司,鼎山路加油站,三民區,高雄市三民區鼎山街373號,07-3839681,120.321853004,22.6573480996,31
32,台灣中油股份有限公司,右昌軍校路加油站,楠梓區,高雄市楠梓區軍校路737號,07-3637331,120.292128969,22.7087318075,32
33,台灣中油股份有限公司,南鼓山加油站,鼓山區,高雄市鼓山區捷興二街46號,07-5517556,120.27516937,22.621923638,33
34,台灣中油股份有限公司,楠梓加工區加油站,楠梓區,高雄市楠梓區加工區經五路125號,07-3630096,120.3015358,22.7220984011,34
35,台灣中油股份有限公司,建國一路加油站,苓雅區,高雄市苓雅區建國一路142號,07-7518715,120.330020661,22.6326917683,35
36,台灣中油股份有限公司,青年路加油站,苓雅區,高雄市苓雅區民權一路105號,07-3352549,120.311835845,22.6229517918,36
37,台亞石油股份有限公司,台亞楠梓交流道加油站,楠梓區,高雄市楠梓區鳳楠路45號,07-3540601,120.331086805,22.7221515858,37
38,國慶實業股份有限公司,國慶加油站,苓雅區,高雄市苓雅區中正一路332號,07-7219612,120.326301227,22.6298946742,38
39,慶昌加油站有限公司,慶昌加油站,楠梓區,高雄市楠梓區後昌路1196號,07-3638197,120.289961527,22.7171660395,39
40,統一精工股份有限公司,統一精工自立加油站,三民區,高雄市三民區自立一路333號,07-3160612,120.296284088,22.6449831096,40
41,民族加油站有限公司,民族加油站,三民區,高雄市三民區民族一路418號,07-3850731,120.315587549,22.6533749959,41
42,博愛加油站股份有限公司,博愛加油站,三民區,高雄市三民區博愛一路335號,07-3229254,120.303064978,22.6499796866,42
43,光華加油站有限公司,光華加油站,苓雅區,高雄市苓雅區三多二路330號,07-3336168,120.3167079,22.6181951978,43
44,桂林加油站股份有限公司,桂林加油站,小港區,高雄市小港區孔鳳路579 號,07-7912420,120.358620277,22.5847182317,44
45,台灣中油股份有限公司,小港加油站,小港區,高雄市小港區大業北路45號,07-8023938,120.344103611,22.5676362071,45
46,三民加油站股份有限公司,三民加油站,三民區,高雄市三民區九如一路878號,07-3893816,120.318243172,22.6403004649,46
47,大翔開發有限公司,高楠加油站,左營區,高雄市左營區民族一路697號,07-3416206,120.3173052,22.671192095,47
48,宏達加油站有限公司,宏達加油站,左營區,高雄市左營區大中一路443號,07-3414698,120.3194115,22.6785142003,48
49,英光企業有限公司,天祥加油站,三民區,高雄市三民區天祥一路99號,07-3472200,120.321368536,22.6668858602,49
50,加昌加油站股份有限公司,加昌加油站,楠梓區,高雄市楠梓區加昌路119號,07-3620448,120.316628976,22.722112355,50
51,統一精工股份有限公司,統一精工左營加油站,左營區,高雄市左營區民族一路936號,07-3109485,120.318412608,22.674049758,51
52,全國加油站股份有限公司,全國北高加油站,三民區,高雄市三民區熱河二街338號,07-3128969,120.292456675,22.644921137,52
53,松詠有限公司,新厝左營大路加油站,左營區,高雄市左營區左營大路920號,07-5850266,120.301726829,22.696973265,53
54,永純鋼鐵股份有限公司,自由加油站,三民區,高雄市三民區自由一路231號,07-3863111,120.308586068,22.652271577,54
55,源豐加油站有限公司,源豐加油站,左營區,高雄市左營區博愛二路616號,07-5563311,120.30361594,22.66843739,55
56,澄清湖加油站有限公司,澄清湖加油站,三民區,高雄市三民區九如一路123號,07-3892166,120.340989429,22.6365301464,56
57,鄉親實業股份有限公司,大昌路加油站,三民區,高雄市三民區大昌二路299號,07-3920291,120.331739946,22.6471755569,57
58,裕誠加油站股份有限公司,裕誠加油站,左營區,高雄市左營區博愛二路402號,07-5563797,120.303553687,22.6655872113,58
59,左新加油站有限公司,左新加油站,左營區,高雄市左營區政德路171號,07-3453500,120.299367252,22.6769208129,59
60,大立加油站有限公司,大立加油站,苓雅區,高雄市苓雅區凱旋三路657號,07-7171186,120.3265142,22.6168999998,60
61,威翔加油站有限公司,新厝十全加油站,三民區,高雄市三民區十全一路11號,07-3223885,120.312754818,22.6445938633,61
62,前鎮加油站股份有限公司,鎮海加油站,前鎮區,高雄市前鎮區鎮海路123號,07-8318524,120.315257202,22.5900665517,62
63,永順加油站股份有限公司,永順加油站,小港區,高雄市小港區宏平路653號,07-8064333,120.352057,22.5696739993,63
64,山隆通運股份有限公司,苓雅加油站,苓雅區,高雄市苓雅區輜汽路69號,07-7610048,120.336168861,22.616560857,64
65,鹽埕加油站股份有限公司,鹽埕加油站,鹽埕區,高雄市鹽埕區建國四路311號,07-5337470,120.282785758,22.6305371722,65
66,援中港加油站有限公司,援中港加油站,楠梓區,高雄市楠梓區德中路168號,07-5917813,120.2766451,22.7241686975,66
67,台亞石油股份有限公司,台亞華盟加油站,三民區,高雄市三民區中華二路372號,07-3156000,120.292315389,22.6489573308,67
68,許新興加油站有限公司,德民加油站,楠梓區,高雄市楠梓區德民路899號,07-3652329,120.290214718,22.7211226597,68
69,桂華加油站股份有限公司,桂華加油站,左營區,高雄市左營區博愛四路19號,07-3416037,120.310578568,22.6818189695,69
70,台亞石油股份有限公司,台亞大業加油站,前鎮區,高雄市前鎮區凱旋四路560號,07-8216871,120.31800436,22.5968875915,70
71,金獅湖企業股份有限公司,金獅湖加油站,三民區,高雄市三民區鼎力路410號,07-3425279,120.326085372,22.6696389594,71
72,統一精工股份有限公司,統一精工小港加油站,小港區,高雄市小港區高鳳路102號,07-8020221,120.3711451,22.5761296998,72
73,桂宏加油站股份有限公司,桂宏加油站,小港區,高雄市小港區小港路75號,07-8019668,120.341735064,22.5653055544,73
74,全國加油站股份有限公司,全國小港機場加油站,小港區,高雄市小港區大業北路29號,07-8033762,120.345920678,22.5652503654,74
75,台灣糖業股份有限公司,台糖成功加油站,前鎮區,高雄市前鎮區成功二路2之2號,07-8213087,120.304709,22.5968990732,75
76,台灣糖業股份有限公司,台糖中華加油站,前鎮區,高雄市前鎮區中華五路825號,07-8116957,120.30754469,22.5978474873,76
77,台灣糖業股份有限公司,台糖民族二加油站,楠梓區,高雄市楠梓區高楠公路945號,07-3534932,120.325110285,22.7118746456,77
78,台灣糖業股份有限公司,台糖加昌加油站,楠梓區,高雄市楠梓區加昌路637號,07-3661625,120.298527497,22.7152169983,78
79,全國加油站股份有限公司,全國三多路加油站,苓雅區,高雄市苓雅區三多二路197號,07-7516401,120.32258913,22.6196560184,79
80,金獅加油站有限公司,金獅加油站,三民區,高雄市三民區鼎力路36 號,07-3508152,120.322080388,22.6628663162,80
81,山隆通運股份有限公司,山隆加油站,小港區,高雄市小港區沿海三路26之3號,07-8716691,120.368300856,22.5263614178,81
,,,,,#62,,,82
82,富誠加油站股份有限公司,永豐加油站,前鎮區,高雄市前鎮區永豐路229號,07-7215215,120.332969553,22.6084560821,83
83,西歐加油站股份有限公司,華夏加油站,左營區,高雄市左營區華夏路1162號,07-3502692,120.309076563,22.6838280689,84
84,大眾加油站有限公司,大眾加油站,苓雅區,高雄市苓雅區中山二路497號,07-5370069,120.301882225,22.6197089081,85
85,亞太國際物流股份有限公司,亞柏小港加油站,小港區,高雄市小港區東亞路2號,07-8133991,120.326914817,22.5655485955,86
86,雄菱股份有限公司,雄菱加油站,前鎮區,高雄市前鎮區新生路210號,07-8115010,120.312884899,22.5804324277,87
87,高都加油站企業有限公司,高都加油站,前鎮區,高雄市前鎮區金福路80號,07-8110220,120.32850241,22.5721421444,88
88,台灣中油股份有限公司,南一路加油站,前鎮區,高雄市前鎮區漁港南一路19之1號,07-8153105,120.317810447,22.5683666509,89
89,台灣糖業股份有限公司,台糖博學加油站,小港區,高雄市小港區博學路481號,07-8027879,120.370573734,22.5632909052,90
90,新翔加油站有限公司,新厝博愛加油站,鼓山區,高雄市鼓山區博愛一路536號,07-5585266,120.303646967,22.6555633162,91
91,全國加油站股份有限公司,全國九如交流道加油站,三民區,高雄市三民區九如一路469號,07-3871291,120.329277352,22.638721348,92
92,松詠有限公司,新厝自由加油站,三民區,高雄市三民區自由一路276號,07-3803366,120.308810779,22.6535802317,93
93,新厝加油站股份有限公司,新厝六站加油站,鼓山區,高雄市鼓山區明誠三路639號,07-5555570,120.296533443,22.6609084424,94
94,上豐加油站股份有限公司,上豐加油站,左營區,高雄市左營區自由三路157號,07-3452235,120.31012139,22.6700263516,95
95,楠都加油站股份有限公司,楠都加油站,楠梓區,高雄市楠梓區楠陽路115號,07-3559665,120.330186871,22.7236723397,96
96,松詠有限公司,新厝高鳳加油站,小港區,高雄市小港區高鳳路272號,07-7932588,120.371737714,22.5776427402,97
97,全國加油站股份有限公司,全國高雄大順加油站,三民區,高雄市三民區大順二路856號,07-3925722,120.316282509,22.6555002245,98
98,台灣中油股份有限公司,大林加油站,小港區,高雄市小港區鳳華路1號,07-8714612,120.34974787,22.5246174663,99
99,福懋興業股份有限公司,福懋大順加油站,三民區,高雄市三民區大順二路808號,07-3837879,120.317459267,22.654866745,100
100,台灣中油股份有限公司,左楠加油加氣站,楠梓區,高雄市楠梓區左楠路2-1號,07-5888562,120.303839907,22.7007000742,101
101,滿溢股份有限公司,九大加油站,大樹區,高雄市大樹區竹寮路114之20號,07-6519991,120.425228852,22.6591624992,102
102,台灣中油股份有限公司,九曲堂加油站,大寮區,高雄市大寮區鳳屏二路297號,07-6512175,120.417746878,22.6423508377,103
103,北嶺加油站有限公司,北嶺加油站,岡山區,高雄市岡山區岡山北路246號,07-6210387,120.272099609,22.8190836303,104
104,統一精工股份有限公司,統一精工路竹加油站,路竹區,高雄市路竹區環球路305號,07-6965238,120.269450406,22.8799834863,105
105,美林加油站股份有限公司,美林加油站,旗山區,高雄市旗山區延平二路114號,07-6616525,120.495087899,22.882543899,106
106,統一精工股份有限公司,祥永加油站,岡山區,高雄市岡山區介壽東路10號,07-6262721,120.314604037,22.7868000345,107
107,雙泰加油站股份有限公司,雙泰加油站,大社區,高雄市大社區旗楠路8號,07-3512613,120.339370623,22.7422662627,108
108,統一精工股份有限公司,統一精工旗楠加油站,燕巢區,高雄市燕巢區鳳東路86號,07-6154966,120.364497025,22.7600645016,109
109,上源加油站股份有限公司,上源加油站,鳳山區,高雄市鳳山區鳳林路91號,07-7013934,120.37471817,22.6228233056,110
110,鳳東路加油站有限公司,鳳東路加油站,燕巢區,高雄市燕巢區鳳東路77號,07-6151778,120.365177592,22.7593857582,111
111,美林加油站股份有限公司,宏洋加油站,旗山區,高雄市旗山區旗南二路87之6號,07-6664389,120.463855713,22.8410671579,112
112,彌陀加油站股份有限公司,彌陀加油站,彌陀區,高雄市彌陀區鹽埕大路138號,07-6170287,120.245715772,22.7904643097,113
113,北岡山加油站股份有限公司,北岡山加油站,岡山區,高雄市岡山區岡山北路271號,07-6210387,120.271581068,22.8186998156,114
114,振裕加油站股份有限公司,振裕加油站,旗山區,高雄市旗山區延平一路115號,07-6622360,120.483047608,22.8982339786,115
115,新光加油站有限公司,新光加油站,旗山區,高雄市旗山區旗南三路120之8號,07-6662988,120.462254817,22.8243229136,116
116,明月潭加油站股份有限公司,明月潭加油站,大寮區,高雄市大寮區內坑路158之6號,07-7920185,120.388560299,22.5961469988,117
117,前鋒加油站股份有限公司,前鋒加油站,岡山區,高雄市岡山區前鋒路238號,07-6258122,120.280930899,22.8017594029,118
118,恆通加油站股份有限公司,恆通加油站,大寮區,高雄市大寮區鳳屏二路130號,07-7030197,120.411989811,22.640945766,119
119,台亞石油股份有限公司,台亞台上加油站,岡山區,高雄市岡山區成功路269號,07-6214518,120.29876021,22.8085271713,120
120,福記加油站有限公司,福記加油站,永安區,高雄市永安區保安路248號,07-6910269,120.234630182,22.8385492568,121
121,大社加油站股份有限公司,大社加油站,大社區,高雄市大社區中山路9號,07-3530343,120.341375363,22.7322905634,122
122,統一精工股份有限公司,統一精工路竹二站加油站,路竹區,高雄市路竹區環球路200號,07-6967422,120.274440262,22.8799804131,123
123,保來加油站實業有限公司,保來加油站,六龜區,高雄市六龜區寶建路4號,07-6881565,120.682983343,23.0974379227,124
124,鳳仁加油站有限公司,鳳仁加油站,仁武區,高雄市仁武區鳳仁路177號,07-3723933,120.348339733,22.6948739751,125
125,群發加油站有限公司,群發加油站,大樹區,高雄市大樹區中正一路382號,07-6525257,120.434899758,22.6934971124,126
126,元鐘加油站有限公司,元鐘加油站,岡山區,高雄市岡山區為隨西路16號,07-6222818,120.291138909,22.8130008411,127
127,水美加油站有限公司,水美加油站,鳥松區,高雄市鳥松區北平路49號,07-7338333,120.399303033,22.6586485597,128
128,祥發加油站有限公司,祥發加油站,大寮區,高雄市大寮區光華路430號,07-7874351,120.409247799,22.5822381413,129
129,統一精工股份有限公司,統一精工大發加油站,大寮區,高雄市大寮區光明路三段1號,07-7814306,120.413031417,22.6121736659,130
130,山隆通運股份有限公司,山隆仁武加油站,仁武區,高雄市仁武區仁林路153號,07-3742562,120.370884965,22.6975645767,131
131,大來加油站股份有限公司,大來加油站,大寮區,高雄市大寮區大漢路330號,07-7024101,120.382859512,22.6367652173,132
132,甲洲加油站股份有限公司,甲洲加油站,鳳山區,高雄市鳳山區五甲二路73號,07-7669129,120.34345167,22.6028213507,133
133,大益加油站,大益加油站,大寮區,高雄市大寮區鳳林一路502號,07-6418873,120.412439001,22.548325571,134
134,璽田有限公司,璽田加油站,阿蓮區,高雄市阿蓮區中正路960號,07-6317789,120.321180308,22.8806318458,135
135,永晉加油站有限公司,永晉加油站,林園區,高雄市林園區中芸三路300號,07-6426327,120.398544356,22.4956741283,136
136,泓成加油站有限公司,泓成加油站,大寮區,高雄市大寮區鳳林二路621號,07-7879010,120.402890361,22.5911920336,137
137,小坪頂加油站有限公司,小坪頂加油站,大樹區,高雄市大樹區小坪路93之8號,07-6527597,120.409538865,22.6813413778,138
138,江山加油站企業股份有限公司,江山加油站,大寮區,高雄市大寮區鳳屏二路46號,07-7017334,120.40569145,22.6399027864,139
139,全國加油站股份有限公司,全國鳥松加油站,鳥松區,高雄市鳥松區美山路121號,07-7335997,120.391585916,22.6502713125,140
140,統一精工股份有限公司,統一精工燕巢加油站,燕巢區,高雄市燕巢區安北路25號,07-6169001,120.350094132,22.7920743979,141
141,靖海加油站股份有限公司,靖海加油站,大社區,高雄市大社區中山路665之20號,07-3535657,120.35988407,22.7308323564,142
142,鯨世界國際股份有限公司,鯨世界五甲加油站,鳳山區,高雄市鳳山區五甲二路138號,07-7662589,120.342837832,22.6031521648,143
143,台亞石油股份有限公司,台亞大舍甲加油站,梓官區,高雄市梓官區和平路2號,07-6106129,120.262037637,22.7533628515,144
144,瑔發加油站有限公司,瑔發加油站,大寮區,高雄市大寮區光明路一段1155號,07-7874885,120.421203775,22.5797493076,145
145,筧橋加油站股份有限公司,筧橋加油站,岡山區,高雄市岡山區介壽西路427之1號,07-6269076,120.273266907,22.7824739992,146
146,今順加油站股份有限公司,今順加油站,仁武區,高雄市仁武區仁雄路500號,07-3742198,120.331621382,22.6728837309,147
147,全國加油站股份有限公司,全國大寮加油站,大寮區,高雄市大寮區鳳林四路398號,07-7860388,120.381336819,22.6209318173,148
148,柳橋加油站股份有限公司,柳橋加油站,岡山區,高雄市岡山區通校路167號,07-6261710,120.280734407,22.7903030349,149
149,全國加油站股份有限公司,全國鳳屏加油站,大寮區,高雄市大寮區鳳屏一路810號,07-7014976,120.401226462,22.638980025,150
150,興達港加油站股份有限公司,興達港加油站,湖內區,高雄市湖內區東方路678號,07-6991366,120.221474954,22.876898778,151
151,統一精工股份有限公司,統一精工鳥松二站加油站,鳥松區,高雄市鳥松區中正路100之3號,07-7327431,120.364086525,22.6607978092,152
152,聯合太子國際股份有限公司,聯合太子阿蓮加油站,阿蓮區,高雄市阿蓮區和平路256號,07-6321828,120.333788242,22.8863289179,153
153,東昇加油站有限公司,東昇加油站,美濃區,高雄市美濃區忠孝路一段７號,07-6818508,120.530693909,22.8858932917,154
154,樺興加油站有限公司,樺興加油站,永安區,高雄市永安區維新路18之13號,07-6911706,120.251351733,22.8086704984,155
155,統一精工股份有限公司,統一精工鳳山加油站,大寮區,高雄市大寮區鳳屏一路112號,07-7022499,120.386118894,22.631557754,156
156,灣內加油站有限公司,灣內加油站,仁武區,高雄市仁武區澄觀路一段80號1樓,07-3745816,120.355342645,22.6869667142,157
157,美林加油站股份有限公司,洋洋加油站,旗山區,高雄市旗山區延平二路159號,07-6611230,120.49674249,22.8836044177,158
158,福懋興業股份有限公司,福懋仁武加油站,仁武區,高雄市仁武區鳳仁路76號,07-3740586,120.354373668,22.6839622729,159
159,再生加油站有限公司,再生加油站,路竹區,高雄市路竹區復興路213號,07-6076490,120.272887618,22.8485818242,160
160,統一精工股份有限公司,統一精工鳥松一站加油站,鳥松區,高雄市鳥松區神農路267號,07-7321585,120.372856387,22.6597315279,161
161,福懋興業股份有限公司,福懋大寮加油站,大寮區,高雄市大寮區仁德路一段1號,07-7885601,120.40311093,22.5918927444,162
162,久井企業股份有限公司,久井美濃加油站,美濃區,高雄市美濃區中山路二段15號,07-6810989,120.527843405,22.9007573284,163
163,大倫加油站有限公司,大倫加油站,大寮區,高雄市大寮區光明路三段1080號,07-7016765,120.406477634,22.6322270752,164
164,千越加油站實業股份有限公司,千越路竹加油站,湖內區,高雄市湖內區中山路一段152號,07-6938689,120.250649976,22.8803273983,165
165,山隆通運股份有限公司,山隆岡山加油站,燕巢區,高雄市燕巢區安招路683號,07-6163078,120.324038849,22.7885102155,166
166,伊比加油站有限公司,伊比加油站,那瑪夏區,高雄市那瑪夏區大光巷188號,07-6701738,120.719202521,23.2739179731,167
167,福懋興業股份有限公司,福懋岡山加油站,岡山區,高雄市岡山區岡燕路599號,07-6210322,120.31357848,22.7892557198,168
168,千越加油站實業股份有限公司,千越梓官加油站,梓官區,高雄市梓官區大舍南路238號,07-6195188,120.263275935,22.740617145,169
169,久井企業股份有限公司,久井旗山交流道吉加油站,旗山區,高雄市旗山區旗屏路17號,07-6611586,120.493437262,22.8695781875,170
170,久井企業股份有限公司,久井旗山交流道如加油站,旗山區,高雄市旗山區旗屏一路118號,07-6628658,120.494653272,22.8697182187,171
171,久井企業股份有限公司,久井旗山交流道意加油站,旗山區,高雄市旗山區旗屏一路319號,07-6626778,120.495259137,22.8696107178,172
172,千越加油站實業股份有限公司,千越仁美加油站,鳥松區,高雄市鳥松區神農路370號,07-7332589,120.380213744,22.6590827946,173
173,台亞石油股份有限公司,台亞仁武加油站,仁武區,高雄市仁武區鳳仁路304之3號,07-3732622,120.340518829,22.7093062071,174
174,宗源加油站有限公司,中崙加油站,鳳山區,高雄市鳳山區油管路38號,07-7532979,120.355119855,22.6067516334,175
175,上嘉油品有限公司,聖森路加油站,岡山區,高雄市岡山區岡燕路529號,07-6213709,120.312382408,22.7903471985,176
176,台灣中油股份有限公司,岡山加油站,岡山區,高雄市岡山區岡山南路45號,07-6252450,120.297638797,22.7823203549,177
177,台灣中油股份有限公司,旗山加油站,旗山區,高雄市旗山區復新街17號,07-6612044,120.482383224,22.8847800038,178
178,台灣中油股份有限公司,鳳山加油站,鳳山區,高雄市鳳山區中山東路10號,07-7462492,120.363464534,22.6202616343,179
179,台灣中油股份有限公司,路竹加油站,路竹區,高雄市路竹區中山路589號,07-6962240,120.256630633,22.8663207638,180
180,台灣中油股份有限公司,美濃加油站,美濃區,高雄市美濃區成功路133號,07-6812044,120.54689182,22.8939750285,181
181,台灣中油股份有限公司,橋頭加油站,橋頭區,高雄市橋頭區成功北路15號,07-6113644,120.307796183,22.7624278057,182
182,台灣中油股份有限公司,太爺加油站,湖內區,高雄市湖內區中山路二段61號,07-6993073,120.227946013,22.9072096497,183
183,台灣中油股份有限公司,阿蓮加油站,阿蓮區,高雄市阿蓮區中山路351號,07-6312139,120.32648191,22.8735665139,184
184,台灣中油股份有限公司,仁武加油站,仁武區,高雄市仁武區鳳仁路282號,07-3711361,120.34433126,22.7033694516,185
185,台灣中油股份有限公司,六龜加油站,六龜區,高雄市六龜區光復路308號,07-6891059,120.635986943,22.9911998479,186
186,台灣中油股份有限公司,林園加油站,林園區,高雄市林園區林園北路350號,07-6412285,120.395161211,22.5119691298,187
187,台灣中油股份有限公司,五甲加油站,鳳山區,高雄市鳳山區五甲一路232號,07-7460364,120.354649536,22.6183308651,188
188,台亞石油股份有限公司,台亞岡山交流道加油站,岡山區,高雄市岡山區介壽東路3號,07-6255654,120.316220638,22.7863333204,189
189,台灣中油股份有限公司,鳳松加油站,鳳山區,高雄市鳳山區鳳松路178之5號,07-7431562,120.362889143,22.6369593965,190
190,台灣中油股份有限公司,大寮加油站,大寮區,高雄市大寮區鳳林三路616號,07-7813631,120.394953382,22.608881185,191
191,台灣中油股份有限公司,燕巢加油站,燕巢區,高雄市燕巢區中興路199號,07-6161704,120.362768736,22.7881085527,192
192,台灣中油股份有限公司,永安加油站,永安區,高雄市永安區保安路47號,07-6912014,120.24211001,22.8140865251,193
193,台灣中油股份有限公司,甲仙加油站,甲仙區,高雄市甲仙區新興路55號,07-6751555,120.581694181,23.0764752375,194
194,台灣中油股份有限公司,林園沿海路加油站,林園區,高雄市林園區沿海路四段1號,07-6417604,120.386051622,22.5000043748,195
195,台灣中油股份有限公司,大樹加油站,大樹區,高雄市大樹區中興北路184號,07-6561249,120.434044049,22.6987820561,196
196,台灣中油股份有限公司,梓官加油站,梓官區,高雄市梓官區和平路317號,07-6173555,120.26245667,22.7601884924,197
197,台灣中油股份有限公司,茄萣加油站,茄萣區,高雄市茄萣區白砂路6號,07-6902849,120.184091839,22.9068916093,198
198,台灣中油股份有限公司,杉林加油站,杉林區,高雄市杉林區清水路304號,07-6772888,120.538292158,22.9700438807,199
199,台灣中油股份有限公司,嶺口加油站,大樹區,高雄市大樹區統嶺路125之2號,07-6562965,120.436265519,22.7734021306,200
200,台灣中油股份有限公司,大湖加油站,湖內區,高雄市湖內區中山路一段72號,07-6931793,120.539665063,22.9015068581,201
201,台灣中油股份有限公司,內門加油站,內門區,高雄市內門區南屏路125號,07-6671661,120.455086065,22.9210942968,202
202,帝兆加油站有限公司,介壽路加油站,岡山區,高雄市岡山區介壽東路157號,07-6256375,120.307132706,22.7852574983,203
203,全緣國際股份有限公司,佛光山加油站,大樹區,高雄市大樹區興田路116之20號,07-6564626,120.448317927,22.7505340502,204
204,永全加油站股份有限公司,永全加油站,燕巢區,高雄市燕巢區安招路1044號,07-6165222,120.316895083,22.7871336955,205
205,台欣加油站股份有限公司,新達加油站,路竹區,高雄市路竹區大公路439號,07-6982326,120.228846749,22.8530493447,206
206,統一精工股份有限公司,統一精工佳興加油站,岡山區,高雄市岡山區成功路462號,07-6225854,120.300542224,22.811704698,207
207,台亞石油股份有限公司,台亞明田加油站,路竹區,高雄市路竹區中山路1016號,07-6972115,120.261475849,22.851314354,208
208,嶺東股份有限公司,嶺東加油站,旗山區,高雄市旗山區旗南三路204之1號,07-6651668,120.449948588,22.7738665659,209
209,台亞石油股份有限公司,台亞鳥松加油站,鳥松區,高雄市鳥松區中正路44之77號,07-7319462,120.365441632,22.6536946401,210
210,清豐加油站股份有限公司,清豐加油站,美濃區,高雄市美濃區中正路二段655號,07-6834101,120.536965499,22.871219297,211
211,山隆通運股份有限公司,永發加油站,彌陀區,高雄市彌陀區鹽埕大路160號,07-6106682,120.244986747,22.7926462227,212
212,興達加油站股份有限公司,興達加油站,湖內區,高雄市湖內區和平路5號,07-6996169,120.224493712,22.8738342036,213
213,美德加油站股份有限公司,美德加油站,美濃區,高雄市美濃區中興路一段401號,07-6818556,120.53670178,22.8853610247,214
214,統一精工股份有限公司,統一精工鳳翔加油站,鳳山區,高雄市鳳山區五甲一路667號,07-7531530,120.34950565,22.6098835822,215
215,全國加油站股份有限公司,全國仁武交流道加油站,仁武區,高雄市仁武區鳳仁路166號,07-3725832,120.348125442,22.6965556062,216
216,順發加油站有限公司,順發加油站,大寮區,高雄市大寮區光明路二段382號,07-7883659,120.420191913,22.5902528154,217
217,松詠有限公司,新厝加油站,大寮區,高雄市大寮區鳳林二路137號,07-7875121,120.411586573,22.5608780281,218
218,山隆通運股份有限公司,山隆燕巢加油站,燕巢區,高雄市燕巢區安招路730號,07-9585623,120.325416883,22.7894182895,219
219,鳳榮加油站股份有限公司,鳳榮加油站,大寮區,高雄市大寮區大漢路225號,07-7038452,120.38383947,22.6354373069,220
220,松詠有限公司,新厝大發加油站,大寮區,高雄市大寮區鳳林二路802號,07-7878075,120.407337482,22.5818877523,221
221,港埔加油站有限公司,港埔加油站,林園區,高雄市林園區中門路1之29號,07-6415389,120.372013199,22.5027714021,222
222,山隆通運股份有限公司,山隆大發加油站,大寮區,高雄市大寮區大寮路201號,07-7822196,120.405537042,22.594708441,223
223,台亞石油股份有限公司,台亞林園加油站,林園區,高雄市林園區鳳林路三段650號,07-6433066,120.398914299,22.5238597994,224
224,台亞石油股份有限公司,台亞程香加油站,岡山區,高雄市岡山區岡燕路500號,07-6220129,120.310311681,22.7907115263,225
225,台亞石油股份有限公司,台亞林園工業區加油站,林園區,高雄市林園區沿海路一段149號,07-6415439,120.401997405,22.5003491459,226
226,滿達股份有限公司,昭明加油站,大寮區,高雄市大寮區鳳林路四段400號,07-6452183,120.409693873,22.5397924167,227
227,湖中路加油站有限公司,湖中路加油站,湖內區,高雄市湖內區湖中路685號,07-6998505,120.207573939,22.905856631,228
228,台灣糖業股份有限公司,台糖國泰加油站,鳳山區,高雄市鳳山區國泰路一段281號,07-7552190,120.353614202,22.615719336,229
229,台灣糖業股份有限公司,台糖仁新加油站,仁武區,高雄市仁武區水管路三段276號,07-3745186,120.358804195,22.7035930987,230
230,山隆通運股份有限公司,山隆軍校加油站,岡山區,高雄市岡山區石潭路100號,07-6253965,120.268497995,22.7711102965,231
231,松詠有限公司,新厝鳳林加油站,大寮區,高雄市大寮區萬丹路16號,07-7812086,120.391610225,22.6121513588,232
232,台灣糖業股份有限公司,台糖建軍加油站,鳳山區,高雄市鳳山區鳳頂路602號,07-7534140,120.360471128,22.5980515312,233
233,台灣糖業股份有限公司,台糖高鐵加油站,仁武區,高雄市仁武區高楠公路55號,07-3424295,120.321603464,22.6936650215,234
234,台灣糖業股份有限公司,台糖大湖加油站,湖內區,高雄市湖內區中山路一段200號,07-6935429,120.247977376,22.8836675434,235
235,台灣糖業股份有限公司,台糖橫山加油站,大社區,高雄市大社區和平路一段2號,07-3542823,120.362803808,22.7509503734,236
236,全國加油站股份有限公司,全國鳳山加油站,鳳山區,高雄市鳳山區中山西路218號,07-7100668,120.348739879,22.6279755808,237
237,久井企業股份有限公司,久井湖內加油站,湖內區,高雄市湖內區中山路二段3號,07-6996067,120.233419267,22.899770115,238
238,弘奇建設股份有限公司,弘奇加油站,大寮區,高雄市大寮區鳳屏二路3號,07-7030118,120.401830677,22.6398218733,239
239,台灣中油股份有限公司,友情加油站,岡山區,高雄市岡山區介壽東路83號,07-6258611,120.313447443,22.7860344205,240
,,,,,07-6166102,,,241
240,中鷹加油站股份有限公司,中鷹加油站,仁武區,高雄市仁武區鳳仁路321號,07-3722785,120.337942324,22.712352652,242
241,台灣糖業股份有限公司,台糖大社加油站,大社區,高雄市大社區中正路600號,07-3542786,120.352555779,22.7508946248,243
242,台灣中油股份有限公司,本洲加油站,永安區,高雄市永安區維新路18之1號,07-6233026,120.257590448,22.8084873782,244
243,建元加油站股份有限公司,建元加油站,燕巢區,高雄市燕巢區安招路456之1號,07-6163332,120.332901516,22.7902011058,245
244,台灣中油股份有限公司,南寮加油站,彌陀區,高雄市彌陀區漁港路71號,07-6109661,120.237351052,22.7642810936,246
245,宗源加油站有限公司,華豐加油站,鳳山區,高雄市鳳山區鳳南路286號,07-7245767,120.334894819,22.6026578936,247
246,吉基企業有限公司,全通加油站,大樹區,高雄市大樹區大坑路109號,07-6564367,120.442588567,22.7152072249,248
247,台灣糖業股份有限公司,台糖民族三加油站,仁武區,高雄市仁武區高楠公路62號,07-3101363,120.323872687,22.7015651415,249
248,台灣糖業股份有限公司,台糖公正加油站,旗山區,高雄市旗山區旗甲二路10號,07-6692470,120.4964932,22.9210609995,250
249,台灣糖業股份有限公司,台糖大發加油站,大寮區,高雄市大寮區大寮路1303號,07-7887110,120.429054973,22.5925780473,251
250,久井企業股份有限公司,久井路科加油站,路竹區,高雄市路竹區中山南路118號,07-6964998,120.267606073,22.8222904244,252
251,大舍南路有限公司,向陽加油站,梓官區,高雄市梓官區大舍南路92號,07-6107628,120.262027184,22.7452471897,253
252,大田加油站有限公司,大田加油站,甲仙區,高雄市甲仙區田寮巷27號,07-6754328,120.573530918,23.0641728059,254
253,松詠有限公司,新厝中安加油站,鳳山區,高雄市鳳山區中安路709號,07-7922755,120.360543901,22.5851775126,255
254,大崗山加油站有限公司,大崗山加油站,阿蓮區,高雄市阿蓮區峰南66之12號,07-6321100,120.351770549,22.8767498157,256
255,台灣糖業股份有限公司,台糖白埔加油站,橋頭區,高雄市橋頭區芋寮路南段412號,07-6128270,120.295407433,22.7566869671,257
256,台灣糖業股份有限公司,台糖仁林加油站,仁武區,高雄市仁武區澄觀路二段2號,07-3735596,120.36009352,22.7018870379,258
257,潔勵企業股份有限公司,岡山北路加油站,岡山區,高雄市岡山區岡山路608號,07-6210838,120.291359943,22.8027397258,259
258,福懋興業股份有限公司,福懋燕巢加油站,燕巢區,高雄市燕巢區安北路50號,07-6141478,120.350207244,22.7924986631,260
259,山隆通運股份有限公司,山隆本洲加油站,岡山區,高雄市岡山區本洲路11號,07-6219117,120.278525583,22.8041699012,261
260,三杰加油站,三杰加油站,六龜區,高雄市六龜區光復路416號,07-6895636,120.636716282,22.9861630213,262
261,國安加油站企業有限公司,國安加油站,甲仙區,高雄市甲仙區中園路200號,07-6753828,120.571041528,23.0626281049,263
262,梅蘭加油站有限公司,梅蘭加油站,桃源區,高雄市桃源區南橫公路五段199號,07-6866039,120.813045539,23.240503722,264
263,捷利油品實業股份有限公司,茄萣仁愛加油站,茄萣區,高雄市茄萣區仁愛路一段2號,07-6986836,120.186522297,22.8864047693,265
264,千越加油站實業股份有限公司,千越武慶加油站,鳳山區,高雄市鳳山區武慶二路306號,07-7235899,120.332724787,22.6167788434,266
265,亞太國際物流股份有限公司,亞柏八卦寮加油站,仁武區,高雄市仁武區八德西路433號,07-3717900,120.3289833,22.6816357859,267
266,亞太國際物流股份有限公司,亞柏仁武加油站,仁武區,高雄市仁武區澄觀路一段1111號,07-3711336,120.359161005,22.7017554314,268
267,山隆通運股份有限公司,山隆林園加油站,林園區,高雄市林園區鳳林路二段1038號,07-6415596,120.395563798,22.5154234633,269
268,千越加油站實業股份有限公司,千越鳳頂加油站,鳳山區,高雄市鳳山區鳳頂路225號,07-7961788,120.358536575,22.5915027024,270
269,宗源加油站有限公司,源興加油加氣站,鳳山區,高雄市鳳山區油管路99號,07-7539799,120.348774678,22.6070495451,271
270,台灣糖業股份有限公司,台糖鳳仁加油站,仁武區,高雄市仁武區鳳仁路102號,07-3725141,120.351122263,22.6904518151,272