﻿NO.	屠宰場名稱	高雄市 場址	電話	登記屠宰畜禽種類
1	高雄肉品運銷股份有限公司	三民區民族一路560號	07-3822206	豬
2	高雄市鳳山肉品市場	鳳山區經武路56巷6號	07-7473131	豬或羊
3	高雄市鳳山肉品市場-旗山分場	旗山區樹人路332巷10號	07-6617616	豬或羊
4	高雄市岡山肉品市場屠宰場	岡山區竹圍里嘉新東路1巷8號	07-6235679	豬或羊
5	立大農畜興業股份有限公司冷凍食品廠	路竹區中山南路47號	07-6979066	豬
6	臺鑫食品冷凍事業股份有限公司路竹廠	路竹區中山南路72號	07-6075966	豬
7	友宏有限公司	阿蓮區港後里崙頂1-10號	07-6311072	雞或鴨或鵝
8	錦津家禽屠宰場	大寮區三隆里光明路二段868巷136號	0932-752067  林先生	雞或鴨或鵝
9	榮華屠宰場	湖內區海山里東方路612巷72號	0910-768432	雞或鴨或鵝
10	保盛紀念農禽肉品場	湖內區忠孝街113巷17號之1	07-6938622	雞或鴨或鵝
11	宇台肉品有限公司附設屠宰場	湖內區海山里和平路148巷57號	07-6991611	雞
12	斯美屠宰場	大樹區瓦厝街308號	07-7428280	雞或鴨或鵝
13	高雄市梓官區農會家禽屠宰場	岡山區嘉新東路1巷12號	07-6219510	雞或鴨或鵝
14	高雄市鳳山家禽批發市場附設屠宰場	鳳山區經武路56巷4號	07- 7458179	雞
