﻿序號,營業主體,站名,行政區,站址,電話號碼
1,嘉鵬節能科技有限公司,亞洲大發站加氣站,大寮區,高雄市大寮區鳳林二路806號,07-7879621
2,建國加氣站股份有限公司,建國加氣站,大寮區,高雄市大寮區大漢路352號,07-7038108
3,旭光瓦斯加氣站有限公司,旭光瓦斯加氣站,仁武區,高雄市仁武區鳳仁路332號,07-3711222
4,台灣中油股份有限公司,漁港路加氣站,前鎮區,高雄市前鎮區漁港路2之1號,07-8224007
5,上亞能源股份有限公司,明誠路加氣站,三民區,高雄市三民區民族一路568號,07-3953891
6,旭光石化開發事業有限公司,旭光瓦斯高鐵加氣站,仁武區,高雄市仁武區高楠公路53號,07-3424253
7,宗源加油站有限公司,源興加油加氣站,鳳山區,高雄市鳳山區油管路99號,07-7539799
8,台灣中油股份有限公司,左楠加油加氣站,楠梓區,高雄市楠梓區左楠路2-1號,07-5888562